{"weights":[0.8499430726779701,0.15005692732196158],"means":{"rows":2,"cols":3,"data":[101.77935170543273,129.56643063270127,64.5875513232173,124.32941186865614,143.363064452723,142.96798110057375]},"covars":[{"rows":3,"cols":3,"data":[78.06229364359956,99.42996763801727,106.84219513788604,99.42996763801727,137.0075026456725,140.53277301031565,106.84219513788604,140.53277301031565,162.33954957717737]},{"rows":3,"cols":3,"data":[5038.780382353106,2259.999379360726,475.28091564472425,2259.999379360726,2863.6465551265596,2191.995879318287,475.28091564472425,2191.995879318287,3852.7552107465012]}],"kernel_class":[1,0]}