{"weights":[0.8281545722954516,0.04187883728874369,0.04187883728874369,0.08808775312712168],"means":{"rows":4,"cols":3,"data":[101.59739450884764,129.3388601605409,64.15443763221273,133.3037135588909,156.6367049803636,115.93541486680833,133.3037135588909,156.6367049803636,115.93541486680833,111.92916425252271,129.46880952433446,153.35623500014088]},"covars":[{"rows":3,"cols":3,"data":[73.74142875954621,94.88051997645532,101.05694379900818,94.88051997645532,131.76151115009552,134.0154891406474,101.05694379900818,134.0154891406474,152.11822976685662]},{"rows":3,"cols":3,"data":[2067.438696013637,1833.989821380826,2376.884592622035,1833.989821380826,1719.7367836428882,2102.14615232544,2376.884592622035,2102.14615232544,2941.0684479013557]},{"rows":3,"cols":3,"data":[2067.438696013637,1833.989821380826,2376.884592622035,1833.989821380826,1719.7367836428882,2102.14615232544,2376.884592622035,2102.14615232544,2941.0684479013557]},{"rows":3,"cols":3,"data":[6495.621700127966,1892.5821011145993,-799.5585252561436,1892.5821011145993,2953.192582955024,2359.471788289208,-799.5585252561436,2359.471788289208,3979.6573280223747]}],"kernel_class":[1,1,0,0]}