{"weights":[0.728228413689422,0.2717715863107315],"means":{"rows":2,"cols":3,"data":[98.44313536830718,122.22790537816242,69.04274315059882,129.76542900324563,140.01363409766498,140.31941035373717]},"covars":[{"rows":3,"cols":3,"data":[150.81205928636518,197.43625030768584,119.29751247073831,197.43625030768584,282.63465770959607,123.67098919274058,119.29751247073831,123.67098919274058,208.261113146396]},{"rows":3,"cols":3,"data":[3503.9664415081315,2367.472879356477,783.3004457690229,2367.472879356477,2754.0591865046285,1700.834998117838,783.3004457690229,1700.834998117838,2431.6776285190135]}],"kernel_class":[1,0]}