{"weights":[0.14103297081554161,0.1601976941603454,0.27928333538640054,0.419485999637644],"means":{"rows":4,"cols":3,"data":[137.41573859941965,149.85640802144982,114.83516772647143,119.67035529557147,130.07358708803386,153.94823543764716,91.96461876738447,111.08506197996056,72.31433934864013,101.83985767630038,128.88432836763934,65.22226963879501]},"covars":[{"rows":3,"cols":3,"data":[2561.7475313730993,2488.0638151415283,1576.312438080252,2488.0638151415283,2603.288157413225,1491.4731728263062,1576.312438080252,1491.4731728263062,1196.1437153963943]},{"rows":3,"cols":3,"data":[3631.0753347645295,1717.3315752057933,440.536716357546,1717.3315752057933,2247.7665874430677,2017.0837773304777,440.536716357546,2017.0837773304777,2776.0730402844897]},{"rows":3,"cols":3,"data":[188.62131966406614,243.95554002220382,143.88282174922156,243.95554002220382,327.80045791666305,164.77472084282996,143.88282174922156,164.77472084282996,167.15710245093086]},{"rows":3,"cols":3,"data":[71.8021970783546,86.44881868266162,105.77710485933693,86.44881868266162,120.86838078807463,126.4202180350079,105.77710485933693,126.4202180350079,175.00922897834315]}],"kernel_class":[0,0,1,1]}